{"prob_cloudy_given_wet_grass": {"enum and cond": 27.44999885559082}, "_timestamp": 1663546753.007434, "_runtime": 2.476463794708252, "_step": 0, "_wandb": {"runtime": 293}}