{"Program 1  params; epoch": 299, "Program 1  params; sample2; 0": 7.018696308135986, "Program 1  params; sample2; 1": 0.8061278462409973, "_timestamp": 1666833082.48223, "_runtime": 8.145335912704468, "_step": 600, "Program 1  loss; program 1; epoch": 299, "Program 1  loss; program 1;": -9.339805603027344, "Program 1_table": {"_type": "table-file", "sha256": "89536ff24c0c1f5c381f14bbb3faddb42a5dc8371507507b3475ded38b66396c", "size": 25928, "artifact_path": "wandb-client-artifact://7faqe23v7fkeq2eqtg2z6ilmqul4gd8932mujjk4yg2nvgja047cj9um15l00qgmgva5k8eqzjjrvgboq6e6u1di5tgod4p0d0mhvkhdnb1hy1bpnf3j0ji92mgergc8:latest/Program 1_table.table.json", "_latest_artifact_path": "wandb-client-artifact://7faqe23v7fkeq2eqtg2z6ilmqul4gd8932mujjk4yg2nvgja047cj9um15l00qgmgva5k8eqzjjrvgboq6e6u1di5tgod4p0d0mhvkhdnb1hy1bpnf3j0ji92mgergc8:latest/Program 1_table.table.json", "path": "media/table/Program 1_table_600_89536ff24c0c1f5c381f.table.json", "ncols": 2, "nrows": 1000}, "_wandb": {"runtime": 7}}