{"Program 1 samples params; epoch": 299, "Program 1 samples params; sample2; 0": 6.9191741943359375, "Program 1 samples params; sample2; 1": 1.0493484735488892, "_timestamp": 1666832076.3990211, "_runtime": 7.882771253585815, "_step": 300, "Program 1_table": {"_type": "table-file", "sha256": "f42b333a661eede9f0ec0e80f995ed8440147a59363fd7bfcc96509e5c93c8a8", "size": 25893, "artifact_path": "wandb-client-artifact://cbqdolsjypm6dcq59x9oj14mf1qrp6iqnroew5ylw84t6btz8qnw2rw37f0xa0c9mm83niwl7brdpv9l6x40q8gti8ajz4kvghbicoa1qnom9jfx62407marr2kalevj:latest/Program 1_table.table.json", "_latest_artifact_path": "wandb-client-artifact://cbqdolsjypm6dcq59x9oj14mf1qrp6iqnroew5ylw84t6btz8qnw2rw37f0xa0c9mm83niwl7brdpv9l6x40q8gti8ajz4kvghbicoa1qnom9jfx62407marr2kalevj:latest/Program 1_table.table.json", "path": "media/table/Program 1_table_300_f42b333a661eede9f0ec.table.json", "ncols": 2, "nrows": 1000}, "_wandb": {"runtime": 7}}