{"prob_cloudy_given_wet_grass": {"enum and cond": 57.57997131347656}, "_timestamp": 1663555162.669006, "_runtime": 2.423811197280884, "_step": 0, "_wandb": {"runtime": 2}}