{"prob_cloudy_given_wet_grass": {"ancestral + reject": 42.21500015258789}, "_timestamp": 1663706028.327994, "_runtime": 20.53478503227234, "_step": 11001, "gibbs": {"iteration": 11000, "c": 0.0, "s": 1.0, "r": 1.0, "w": 1.0, "p(c,s,r,w)": 0.0494999960064888}, "_wandb": {"runtime": 20}}