{"prob_cloudy_given_wet_grass": {"enum and cond": 57.57997131347656}, "_timestamp": 1663555967.269713, "_runtime": 2.5840330123901367, "_step": 0, "_wandb": {"runtime": 2}}