{"prob_cloudy_given_wet_grass": {"enum and cond": 57.57997131347656}, "_timestamp": 1663556450.845047, "_runtime": 2.731498956680298, "_step": 0, "_wandb": {"runtime": 2}}