{"prob_cloudy_given_wet_grass": {"ancestral + reject": 0.0}, "_timestamp": 1663557462.2908459, "_runtime": 2.490093946456909, "_step": 1, "_wandb": {"runtime": 441}}