{"Program 1  params; epoch": 499, "Program 1  params; sample2; 0": 7.241277694702148, "Program 1  params; sample2; 1": 0.8463171124458313, "_timestamp": 1666915546.08196, "_runtime": 12.490246057510376, "_step": 1000, "Program 1  loss; program 1; epoch": 499, "Program 1  loss; program 1;": -10.454689979553223, "Program 1_table": {"_type": "table-file", "sha256": "54391405765b55ebc56249c624dacfbfecd290fa5797bfdd07ba12e481700c4f", "size": 25894, "artifact_path": "wandb-client-artifact://ok2dfjqdhwufpomjnpo68v8iqpfv4j3lr9d7c9pn5p57e3t35a0hu8oda8905gdyldpyqeauqpeqw11plof3ljut0jraciwhqr56feuteo3pwadm5lhjgpl8kgts2kl6:latest/Program 1_table.table.json", "_latest_artifact_path": "wandb-client-artifact://ok2dfjqdhwufpomjnpo68v8iqpfv4j3lr9d7c9pn5p57e3t35a0hu8oda8905gdyldpyqeauqpeqw11plof3ljut0jraciwhqr56feuteo3pwadm5lhjgpl8kgts2kl6:latest/Program 1_table.table.json", "path": "media/table/Program 1_table_1000_54391405765b55ebc562.table.json", "ncols": 2, "nrows": 1000}, "_wandb": {"runtime": 11}}