{"prob_cloudy_given_wet_grass": {"enum and cond": 57.57997131347656}, "_timestamp": 1663551868.221226, "_runtime": 2.5511529445648193, "_step": 0, "_wandb": {"runtime": 2}}