{"Program 1  params; epoch": 0, "Program 1  params; sample2; 0": 0.0, "Program 1  params; sample2; 1": 0.9999999403953552, "_timestamp": 1666833052.206, "_runtime": 0.5789051055908203, "_step": 0, "_wandb": {"runtime": 0}}