{"prob_cloudy_given_wet_grass": {"enum and cond": 57.57997131347656}, "_timestamp": 1663550198.215225, "_runtime": 2.764009952545166, "_step": 0, "_wandb": {"runtime": 1629}}