{"prob_cloudy_given_wet_grass": {"ancestral + reject": 0.0}, "_timestamp": 1663557967.4483159, "_runtime": 5.227245807647705, "_step": 1, "_wandb": {"runtime": 32}}