{"prob_cloudy_given_wet_grass": {"ancestral + reject": 0.0}, "_timestamp": 1663703787.1990368, "_runtime": 12.674332857131958, "_step": 1, "_wandb": {"runtime": 12}}