{"prob_cloudy_given_wet_grass": {"enum and cond": 27.44999885559082}, "_timestamp": 1663546315.448131, "_runtime": 2.41359806060791, "_step": 0, "_wandb": {"runtime": 396}}