{"prob_cloudy_given_wet_grass": {"enum and cond": 57.57997131347656}, "_timestamp": 1663556303.866862, "_runtime": 2.694873094558716, "_step": 0, "_wandb": {"runtime": 2}}