{"prob_cloudy_given_wet_grass": {"enum and cond": 57.57997131347656}, "_timestamp": 1663619496.1842391, "_runtime": 2.6631321907043457, "_step": 0, "_wandb": {"runtime": 4}}