{"value": [[[[0.20000000298023224, 0.0], [0.004999999888241291, 0.044999994337558746]], [[0.020000001415610313, 0.17999999225139618], [0.0004999999655410647, 0.0494999960064888]]], [[[0.08999998867511749, 0.0], [0.035999998450279236, 0.32399997115135193]], [[0.0009999999310821295, 0.008999998681247234], [0.00039999998989515007, 0.03959999978542328]]]], "_timestamp": 1663544443.803403, "_runtime": 2.546132802963257, "_step": 0, "_wandb": {"runtime": 2}}