{"prob_cloudy_given_wet_grass": {"ancestral + reject": 0.0}, "_timestamp": 1663557432.6599622, "_runtime": 2.608872175216675, "_step": 1, "_wandb": {"runtime": 24}}