{"prob_cloudy_given_wet_grass": {"ancestral + reject": 0.0}, "_timestamp": 1663556774.6187851, "_runtime": 5.186435222625732, "_step": 1, "_wandb": {"runtime": 30}}