{"prob_cloudy_given_wet_grass": {"enum and cond": 57.57997131347656}, "_timestamp": 1663551840.500027, "_runtime": 2.81154203414917, "_step": 0, "_wandb": {"runtime": 2}}