{"prob_cloudy_given_wet_grass": {"enum and cond": 57.57997131347656}, "_timestamp": 1663556696.349958, "_runtime": 2.628396987915039, "_step": 0, "_wandb": {"runtime": 2}}