{"prob_cloudy_given_wet_grass": {"enum and cond": 57.57997131347656}, "_timestamp": 1663556974.121994, "_runtime": 2.439539909362793, "_step": 0, "_wandb": {"runtime": 2}}