{"prob_cloudy_given_wet_grass": {"enum and cond": 24.999998092651367}, "_timestamp": 1663546054.8877351, "_runtime": 2.4320502281188965, "_step": 0, "_wandb": {"runtime": 245}}