{"prob_cloudy_given_wet_grass": {"ancestral + reject": 0.0}, "_timestamp": 1663557089.536675, "_runtime": 5.152924060821533, "_step": 1, "_wandb": {"runtime": 119}}