{"Program 1  params; epoch": 499, "Program 1  params; sample2; 0": 7.240146636962891, "Program 1  params; sample2; 1": 0.8293100595474243, "_timestamp": 1666991159.92645, "_runtime": 30.03230595588684, "_step": 999, "Program 1  loss; program 1; epoch": 499, "Program 1  loss; program 1;": -10.476393699645996}