{"prob_cloudy_given_wet_grass": {"enum and cond": 57.57997131347656}, "_timestamp": 1663556379.949599, "_runtime": 2.4717400074005127, "_step": 0, "_wandb": {"runtime": 2}}