{"prob_cloudy_given_wet_grass": {"gibbs": null}, "_timestamp": 1663619521.12709, "_runtime": 14.075908899307251, "_step": 11002, "gibbs": {"iteration": 11000, "c": 0.0, "s": 1.0, "r": 0.0, "w": 1.0, "p(c,s,r,w)": 0.17999999225139618}, "_wandb": {"runtime": 13}}