{"prob_cloudy_given_wet_grass": {"enum and cond": 57.57997131347656}, "_timestamp": 1663556001.461091, "_runtime": 2.5007240772247314, "_step": 0, "_wandb": {"runtime": 2}}