{"prob_cloudy_given_wet_grass": {"enum and cond": 57.57997131347656}, "_timestamp": 1663556670.310375, "_runtime": 2.4557149410247803, "_step": 0, "_wandb": {"runtime": 2}}