{"prob_cloudy_given_wet_grass": {"ancestral + reject": 0.0}, "_timestamp": 1663557917.2575622, "_runtime": 5.293881177902222, "_step": 1, "_wandb": {"runtime": 41}}