{"prob_cloudy_given_wet_grass": {"enum and cond": 57.57997131347656}, "_timestamp": 1663555865.415443, "_runtime": 3.0368409156799316, "_step": 0, "_wandb": {"runtime": 2}}