{"prob_cloudy_given_wet_grass": {"enum and cond": 57.57997131347656}, "_timestamp": 1663556502.00464, "_runtime": 2.521092176437378, "_step": 0, "_wandb": {"runtime": 2}}