{"prob_cloudy_given_wet_grass": {"enum and cond": 57.57997131347656}, "_timestamp": 1663556567.108418, "_runtime": 2.5237479209899902, "_step": 0, "_wandb": {"runtime": 2}}