{"prob_cloudy_given_wet_grass": {"enum and cond": 57.57997131347656}, "_timestamp": 1663556626.180275, "_runtime": 2.4977190494537354, "_step": 0, "_wandb": {"runtime": 2}}