{"prob_cloudy_given_wet_grass": {"enum and cond": 57.57997131347656}, "_timestamp": 1663555835.6313589, "_runtime": 2.4498798847198486, "_step": 0, "_wandb": {"runtime": 2}}