{"prob_cloudy_given_wet_grass": {"enum and cond": 57.57997131347656}, "_timestamp": 1663556167.280415, "_runtime": 2.453616142272949, "_step": 0, "_wandb": {"runtime": 2}}