{"prob_cloudy_given_wet_grass": {"enum and cond": 57.57997131347656}, "_timestamp": 1663557212.125504, "_runtime": 2.452367067337036, "_step": 0, "_wandb": {"runtime": 2}}