{"prob_cloudy_given_wet_grass": {"ancestral + reject": 57.78499984741211}, "_timestamp": 1663706947.062208, "_runtime": 17.910374879837036, "_step": 111, "gibbs": {"iteration": 109, "c": 0.0, "s": 0.0, "r": 0.0, "w": 1.0, "p(c,s,r,w)": 0.0}, "_wandb": {"runtime": 17}}