{"prob_cloudy_given_wet_grass": {"ancestral + reject": 0.0}, "_timestamp": 1663555180.656906, "_runtime": 2.415005922317505, "_step": 1, "_wandb": {"runtime": 584}}