{"prob_cloudy_given_wet_grass": {"enum and cond": 57.57997131347656}, "_timestamp": 1663556259.983304, "_runtime": 3.929537057876587, "_step": 0, "_wandb": {"runtime": 3}}