{"prob_cloudy_given_wet_grass": {"ancestral + reject": 0.0}, "_timestamp": 1663703391.999425, "_runtime": 12.676373958587646, "_step": 1, "_wandb": {"runtime": 12}}