{"prob_cloudy_given_wet_grass": {"ancestral + reject": 0.0}, "_timestamp": 1663552309.00242, "_runtime": 3.626873016357422, "_step": 1, "_wandb": {"runtime": 1580}}