{"prob_cloudy_given_wet_grass": {"ancestral + reject": 0.0}, "_timestamp": 1663554099.292622, "_runtime": 2.7238831520080566, "_step": 1, "_wandb": {"runtime": 40}}