{"prob_cloudy_given_wet_grass": {"enum and cond": 57.57997131347656}, "_timestamp": 1663551948.894437, "_runtime": 4.1328980922698975, "_step": 0, "_wandb": {"runtime": 344}}