{"prob_cloudy_given_wet_grass": {"enum and cond": 57.57997131347656}, "_timestamp": 1663556085.736534, "_runtime": 2.8436431884765625, "_step": 0, "_wandb": {"runtime": 2}}