{"prob_cloudy_given_wet_grass": {"enum and cond": 57.57997131347656}, "_timestamp": 1663555885.233151, "_runtime": 2.46610689163208, "_step": 0, "_wandb": {"runtime": 2}}