{"prob_cloudy_given_wet_grass": {"enum and cond": 57.57997131347656}, "_timestamp": 1663555807.0804522, "_runtime": 2.4797112941741943, "_step": 0, "_wandb": {"runtime": 2}}