{"prob_cloudy_given_wet_grass": {"enum and cond": 57.57997131347656}, "_timestamp": 1663556900.2356591, "_runtime": 2.501690149307251, "_step": 0, "_wandb": {"runtime": 2}}