{"prob_cloudy_given_wet_grass": {"ancestral + reject": 57.78499984741211}, "_timestamp": 1663706145.7300181, "_runtime": 22.357787132263184, "_step": 11001, "gibbs": {"iteration": 11000, "c": 0.0, "s": 1.0, "r": 1.0, "w": 1.0, "p(c,s,r,w)": 0.0494999960064888}, "_wandb": {"runtime": 22}}